﻿<?xml version="1.0" encoding="UTF-8" standalone="yes"?>
<addon id="weather.weather.com" name="The Weather Channel (weather.com)" version="1.0.0" provider-name="nuka1195">
    <requires>
        <import addon="xbmc.python" version="2.0"/>
    </requires>
    <extension point="xbmc.python.weather" library="addon.py"/>
    <extension point="xbmc.addon.metadata">
        <platform>all</platform>
        <nochangelog>true</nochangelog>
        <nofanart>true</nofanart>
        <noicon>false</noicon>
        <summary lang="en">Weather conditions from weather.com.</summary>
        <description lang="en">Weather conditions from weather.com.[CR][CR]Provides current weather conditions and a five day outlook.</description>
        <disclaimer lang="en"></disclaimer>
    </extension>
</addon>
